<?xml version="1.0" encoding="UTF-8"?>
<!DOCTYPE mapper
  PUBLIC "-//mybatis.org//DTD Mapper 3.0//EN"
  "https://mybatis.org/dtd/mybatis-3-mapper.dtd">
<mapper namespace="spring.mysql.carmember.CarMemberDao"> 
	<!-- 전체갯수 -->
	<select id="getTotalCountOfCarMember" resultType="int">
		select count(*) from carmember
	</select>
	
	<!-- insert -->
	<insert id="insertOfCarMember" parameterType="cdto">
		insert into carmember (name,hp,addr,gaipday) values(#{name},#{hp},#{addr},now())
	</insert>
	
	<!-- allselect -->
	<select id="getAllMemberOfCarMember" resultType="cdto">
		select * from carmember order by num desc
	</select>
	
	<!-- getData -->
	<select id="getDataOfCarMember" parameterType="String" resultType="cdto">
		select * from carmember where num=#{num}
	</select>
	
	<!-- update -->
	<update id="updateOfCarMember" parameterType="cdto">
		update carmember set name=#{name}, addr=#{addr}, hp=#{hp} where num=#{num}
	</update>
	
	<!-- delete -->
	<delete id="deleteOfCarMember" parameterType="String">
		delete from carmember where num=#{num}
	</delete>
	
</mapper>