<?xml version="1.0" encoding="UTF-8"?>
<!DOCTYPE mapper
  PUBLIC "-//mybatis.org//DTD Mapper 3.0//EN"
  "https://mybatis.org/dtd/mybatis-3-mapper.dtd">
<mapper namespace="spring.mysql.mycar.MyCarDao">
	<select id="getAllListOfMyCar" resultType="mdto"> <!-- resultType은 반환타입을 쓰는것이다 -->
		select * from mycar order by num desc
	</select>
	<!-- 전체수 얻기 -->
	<select id="getTotalCountOfMyCar" resultType="int">
		select count(*) from mycar
	</select>
	<!-- insert -->
	<insert id="insertOfMyCar" parameterType="mdto">
		insert into mycar (carname,carprice,carcolor,carguip) values(#{carname},#{carprice},#{carcolor},#{carguip})
	</insert>
	<!-- delete -->
	<delete id="deleteOfMyCar" parameterType="String">
		delete from mycar where num=#{num}
	</delete>
	<select id="getDataOfMyCar" resultType="mdto" parameterType="String">
		select * from mycar where num=#{num}
	</select>
	<update id="updateOfMyCar" parameterType="mdto">
		update mycar set carname=#{carname}, carprice=#{carprice}, carcolor=#{carcolor}, carguip=#{carguip} where num=#{num}
	</update>
</mapper>