<?xml version="1.0" encoding="UTF-8"?>
<!DOCTYPE mapper
  PUBLIC "-//mybatis.org//DTD Mapper 3.0//EN"
  "https://mybatis.org/dtd/mybatis-3-mapper.dtd">
<mapper namespace="spring.mvc.friday.InfoDao">
	<select id="selectTotalCountOfMyInfo" resultType="int">
		select count(*) from myinfo
	</select>
	
	<select id="selectAllOfMyInfo" resultType="idto">
		select * from myinfo order by num desc
	</select>
	
	<insert id="insertOfmyInfo" parameterType="idto">
		insert into myinfo (name,driver,addr,photo,gaipday) values(#{name},#{driver},#{addr},#{photo},now())
	</insert>
	
	<select id="getDataOfMyInfo" parameterType="String" resultType="idto">
		select * from myinfo where num=#{num}
	</select>
	
	<update id="updateOfMyInfo" parameterType="idto">
		update myinfo set name=#{name},driver=#{driver},addr=#{addr}
		<if test="photo!=null">
			,photo=#{photo}
		</if>
		where num=#{num}
	</update>
	
	<delete id="deleteOfMyInfo" parameterType="String">
		delete from myinfo where num=#{num}
	</delete>
</mapper>